{
    "name": "root",
    "gauges": {
        "CreateCastle.Policy.Entropy.mean": {
            "value": 49.79011154174805,
            "min": 49.79011154174805,
            "max": 77.602294921875,
            "count": 4
        },
        "CreateCastle.Policy.Entropy.sum": {
            "value": 496108.6875,
            "min": 496108.6875,
            "max": 780601.5,
            "count": 4
        },
        "CreateCastle.Step.mean": {
            "value": 39940.0,
            "min": 9995.0,
            "max": 39940.0,
            "count": 4
        },
        "CreateCastle.Step.sum": {
            "value": 39940.0,
            "min": 9995.0,
            "max": 39940.0,
            "count": 4
        },
        "CreateCastle.Policy.ExtrinsicValueEstimate.mean": {
            "value": 1.648429036140442,
            "min": 1.648429036140442,
            "max": 1.9248541593551636,
            "count": 4
        },
        "CreateCastle.Policy.ExtrinsicValueEstimate.sum": {
            "value": 285.17822265625,
            "min": 285.17822265625,
            "max": 338.7743225097656,
            "count": 4
        },
        "CreateCastle.Losses.PolicyLoss.mean": {
            "value": 0.24053286824567793,
            "min": 0.22709134821651386,
            "max": 0.24568274537227056,
            "count": 4
        },
        "CreateCastle.Losses.PolicyLoss.sum": {
            "value": 19.242629459654236,
            "min": 17.940216509104594,
            "max": 19.408936884409375,
            "count": 4
        },
        "CreateCastle.Losses.ValueLoss.mean": {
            "value": 1.1203076204648388,
            "min": 1.1203076204648388,
            "max": 1.2245774821425484,
            "count": 4
        },
        "CreateCastle.Losses.ValueLoss.sum": {
            "value": 89.6246096371871,
            "min": 89.6246096371871,
            "max": 96.74162108926132,
            "count": 4
        },
        "CreateCastle.Policy.LearningRate.mean": {
            "value": 0.00027901392699535997,
            "min": 0.00027901392699535997,
            "max": 0.000296958175697486,
            "count": 4
        },
        "CreateCastle.Policy.LearningRate.sum": {
            "value": 0.0223211141596288,
            "min": 0.0223211141596288,
            "max": 0.023459695880101394,
            "count": 4
        },
        "CreateCastle.Policy.Epsilon.mean": {
            "value": 0.19300464,
            "min": 0.19300464,
            "max": 0.1989860582278481,
            "count": 4
        },
        "CreateCastle.Policy.Epsilon.sum": {
            "value": 15.440371200000001,
            "min": 15.365899,
            "max": 15.7198986,
            "count": 4
        },
        "CreateCastle.Policy.Beta.mean": {
            "value": 0.0005000000000000001,
            "min": 0.0005000000000000001,
            "max": 0.0005000000000000001,
            "count": 4
        },
        "CreateCastle.Policy.Beta.sum": {
            "value": 0.04000000000000001,
            "min": 0.03900000000000001,
            "max": 0.04000000000000001,
            "count": 4
        },
        "CreateCastle.Environment.EpisodeLength.mean": {
            "value": 290.1764705882353,
            "min": 281.6764705882353,
            "max": 290.1764705882353,
            "count": 4
        },
        "CreateCastle.Environment.EpisodeLength.sum": {
            "value": 9866.0,
            "min": 9577.0,
            "max": 10310.0,
            "count": 4
        },
        "CreateCastle.Environment.CumulativeReward.mean": {
            "value": 6.0588235294117645,
            "min": 5.771428571428571,
            "max": 7.083333333333333,
            "count": 4
        },
        "CreateCastle.Environment.CumulativeReward.sum": {
            "value": 206.0,
            "min": 202.0,
            "max": 255.0,
            "count": 4
        },
        "CreateCastle.Policy.ExtrinsicReward.mean": {
            "value": 6.0588235294117645,
            "min": 5.771428571428571,
            "max": 7.083333333333333,
            "count": 4
        },
        "CreateCastle.Policy.ExtrinsicReward.sum": {
            "value": 206.0,
            "min": 202.0,
            "max": 255.0,
            "count": 4
        },
        "CreateCastle.IsTraining.mean": {
            "value": 1.0,
            "min": 1.0,
            "max": 1.0,
            "count": 4
        },
        "CreateCastle.IsTraining.sum": {
            "value": 1.0,
            "min": 1.0,
            "max": 1.0,
            "count": 4
        }
    },
    "metadata": {
        "timer_format_version": "0.1.0",
        "start_time_seconds": "1747761642",
        "python_version": "3.10.11 (tags/v3.10.11:7d4cc5a, Apr  5 2023, 00:38:17) [MSC v.1929 64 bit (AMD64)]",
        "command_line_arguments": "C:\\Users\\LukeM\\Documents\\UOG\\_Level 6\\Semester 2\\CT6007\\CT6007-OutputDesign\\venv\\Scripts\\mlagents-learn config/TestingData.yaml --run-id=FinalTestTake2",
        "mlagents_version": "1.1.0",
        "mlagents_envs_version": "1.1.0",
        "communication_protocol_version": "1.5.0",
        "pytorch_version": "2.2.2+cu121",
        "numpy_version": "1.23.5",
        "end_time_seconds": "1747763290"
    },
    "total": 1647.7746557999635,
    "count": 1,
    "self": 0.005691800033673644,
    "children": {
        "run_training.setup": {
            "total": 0.08226119994651526,
            "count": 1,
            "self": 0.08226119994651526
        },
        "TrainerController.start_learning": {
            "total": 1647.6867027999833,
            "count": 1,
            "self": 0.7537017019931227,
            "children": {
                "TrainerController._reset_env": {
                    "total": 12.30259869992733,
                    "count": 1,
                    "self": 12.30259869992733
                },
                "TrainerController.advance": {
                    "total": 1634.1729706980987,
                    "count": 41703,
                    "self": 0.6855553843779489,
                    "children": {
                        "env_step": {
                            "total": 1430.6833670090418,
                            "count": 41703,
                            "self": 1180.0170421046205,
                            "children": {
                                "SubprocessEnvManager._take_step": {
                                    "total": 250.14357430348173,
                                    "count": 41703,
                                    "self": 2.536193997017108,
                                    "children": {
                                        "TorchPolicy.evaluate": {
                                            "total": 247.60738030646462,
                                            "count": 41561,
                                            "self": 247.60738030646462
                                        }
                                    }
                                },
                                "workers": {
                                    "total": 0.5227506009396166,
                                    "count": 41702,
                                    "self": 0.0,
                                    "children": {
                                        "worker_root": {
                                            "total": 1527.8318900908343,
                                            "count": 41702,
                                            "is_parallel": true,
                                            "self": 500.9591046067653,
                                            "children": {
                                                "steps_from_proto": {
                                                    "total": 0.0004653000505641103,
                                                    "count": 1,
                                                    "is_parallel": true,