{
    "name": "root",
    "metadata": {
        "timer_format_version": "0.1.0",
        "start_time_seconds": "1747495923",
        "python_version": "3.10.11 (tags/v3.10.11:7d4cc5a, Apr  5 2023, 00:38:17) [MSC v.1929 64 bit (AMD64)]",
        "command_line_arguments": "C:\\Users\\LukeM\\Documents\\UOG\\_Level 6\\Semester 2\\CT6007\\CT6007-OutputDesign\\venv\\Scripts\\mlagents-learn config/CreateCastleData.yaml --run-id=MoreTestingParameters",
        "mlagents_version": "1.1.0",
        "mlagents_envs_version": "1.1.0",
        "communication_protocol_version": "1.5.0",
        "pytorch_version": "2.2.2+cu121",
        "numpy_version": "1.23.5",
        "end_time_seconds": "1747496261"
    },
    "total": 338.82180179998977,
    "count": 1,
    "self": 0.00479010003618896,
    "children": {
        "run_training.setup": {
            "total": 0.08270149998134002,
            "count": 1,
            "self": 0.08270149998134002
        },
        "TrainerController.start_learning": {
            "total": 338.73431019997224,
            "count": 1,
            "self": 0.08697969932109118,
            "children": {
                "TrainerController._reset_env": {
                    "total": 50.480369800003245,
                    "count": 1,
                    "self": 50.480369800003245
                },
                "TrainerController.advance": {
                    "total": 287.74031160061713,
                    "count": 4870,
                    "self": 0.08550990402000025,
                    "children": {
                        "env_step": {
                            "total": 263.2747239978635,
                            "count": 4870,
                            "self": 233.61529059999157,
                            "children": {
                                "SubprocessEnvManager._take_step": {
                                    "total": 29.596585098886862,
                                    "count": 4870,
                                    "self": 0.31526710151229054,
                                    "children": {
                                        "TorchPolicy.evaluate": {
                                            "total": 29.281317997374572,
                                            "count": 4856,
                                            "self": 29.281317997374572
                                        }
                                    }
                                },
                                "workers": {
                                    "total": 0.0628482989850454,
                                    "count": 4869,
                                    "self": 0.0,
                                    "children": {
                                        "worker_root": {
                                            "total": 166.00960709917126,
                                            "count": 4869,
                                            "is_parallel": true,
                                            "self": 60.75011539994739,
                                            "children": {
                                                "steps_from_proto": {
                                                    "total": 0.0005165000329725444,
                                                    "count": 1,
                                                    "is_parallel": true,
                                                    "self": 0.00033570011146366596,
                                                    "children": {
                                                        "_process_rank_one_or_two_observation": {
                                                            "total": 0.00018079992150887847,
                                                            "count": 2,
                                                            "is_parallel": true,
                                                            "self": 0.00018079992150887847
                                                        }
                                                    }
                                                },
                                                "UnityEnvironment.step": {
                                                    "total": 105.2589751991909,
                                                    "count": 4869,
                                                    "is_parallel": true,
                                                    "self": 0.4146857970044948,
                                                    "children": {
                                                        "UnityEnvironment._generate_step_input": {
                                                            "total": 0.4912831003894098,
                                                            "count": 4869,
                                                            "is_parallel": true,
                                                            "self": 0.4912831003894098
                                                        },
                                                        "communicator.exchange": {
                                                            "total": 102.95259910018649,
                                                            "count": 4869,
                                                            "is_parallel": true,
                                                            "self": 102.95259910018649
                                                        },
                                                        "steps_from_proto": {
                                                            "total": 1.4004072016105056,
                                                            "count": 4869,
                                                            "is_parallel": true,
                                                            "self": 0.8844000002718531,
                                                            "children": {
                                                                "_process_rank_one_or_two_observation": {
                                                                    "total": 0.5160072013386525,
                                                                    "count": 9738,
                                                                    "is_parallel": true,
                                                                    "self": 0.5160072013386525
                                                                }
                                                            }
                                                        }
                                                    }
                                                }
                                            }
                                        }
                                    }
                                }
                            }
                        },
                        "trainer_advance": {
                            "total": 24.380077698733658,
                            "count": 4869,
                            "self": 0.12559689965564758,
                            "children": {
                                "process_trajectory": {
                                    "total": 0.31373029871610925,
                                    "count": 4869,
                                    "self": 0.31373029871610925
                                },
                                "_update_policy": {
                                    "total": 23.9407505003619,
                                    "count": 38,
                                    "self": 0.5800524989608675,
                                    "children": {
                                        "TorchPPOOptimizer.update": {
                                            "total": 23.360698001401033,