{
    "name": "root",
    "metadata": {
        "timer_format_version": "0.1.0",
        "start_time_seconds": "1747419441",
        "python_version": "3.10.11 (tags/v3.10.11:7d4cc5a, Apr  5 2023, 00:38:17) [MSC v.1929 64 bit (AMD64)]",
        "command_line_arguments": "C:\\Users\\LukeM\\Documents\\UOG\\_Level 6\\Semester 2\\CT6007\\CT6007-OutputDesign\\venv\\Scripts\\mlagents-learn --run-id=test10",
        "mlagents_version": "1.1.0",
        "mlagents_envs_version": "1.1.0",
        "communication_protocol_version": "1.5.0",
        "pytorch_version": "2.2.2+cu121",
        "numpy_version": "1.23.5",
        "end_time_seconds": "1747419573"
    },
    "total": 132.0758640000131,
    "count": 1,
    "self": 0.006376200006343424,
    "children": {
        "run_training.setup": {
            "total": 0.0838252000103239,
            "count": 1,
            "self": 0.0838252000103239
        },
        "TrainerController.start_learning": {
            "total": 131.98566259999643,
            "count": 1,
            "self": 0.0002243999915663153,
            "children": {
                "TrainerController._reset_env": {
                    "total": 8.480435399978887,
                    "count": 1,
                    "self": 8.480435399978887
                },
                "TrainerController.advance": {
                    "total": 123.41295790002914,
                    "count": 4,
                    "self": 6.850002682767808e-05,
                    "children": {
                        "env_step": {
                            "total": 123.4128250000067,
                            "count": 4,
                            "self": 123.40568269995856,
                            "children": {
                                "SubprocessEnvManager._take_step": {
                                    "total": 0.00710590003291145,
                                    "count": 4,
                                    "self": 0.00020410004071891308,
                                    "children": {
                                        "TorchPolicy.evaluate": {
                                            "total": 0.006901799992192537,
                                            "count": 4,
                                            "self": 0.006901799992192537
                                        }
                                    }
                                },
                                "workers": {
                                    "total": 3.640001523308456e-05,
                                    "count": 3,
                                    "self": 0.0,
                                    "children": {
                                        "worker_root": {
                                            "total": 0.9710891999711748,
                                            "count": 3,
                                            "is_parallel": true,
                                            "self": 0.8170783999667037,
                                            "children": {
                                                "steps_from_proto": {
                                                    "total": 0.0002829000004567206,
                                                    "count": 1,
                                                    "is_parallel": true,
                                                    "self": 0.00014089999604038894,
                                                    "children": {
                                                        "_process_rank_one_or_two_observation": {
                                                            "total": 0.00014200000441633165,
                                                            "count": 2,
                                                            "is_parallel": true,
                                                            "self": 0.00014200000441633165
                                                        }
                                                    }
                                                },
                                                "UnityEnvironment.step": {
                                                    "total": 0.15372790000401437,
                                                    "count": 3,
                                                    "is_parallel": true,
                                                    "self": 0.000274900026852265,
                                                    "children": {
                                                        "UnityEnvironment._generate_step_input": {
                                                            "total": 0.0002707999956328422,
                                                            "count": 3,
                                                            "is_parallel": true,
                                                            "self": 0.0002707999956328422
                                                        },
                                                        "communicator.exchange": {
                                                            "total": 0.1523657999932766,
                                                            "count": 3,
                                                            "is_parallel": true,
                                                            "self": 0.1523657999932766
                                                        },
                                                        "steps_from_proto": {
                                                            "total": 0.0008163999882526696,
                                                            "count": 3,
                                                            "is_parallel": true,
                                                            "self": 0.0004726999904960394,
                                                            "children": {
                                                                "_process_rank_one_or_two_observation": {
                                                                    "total": 0.0003436999977566302,
                                                                    "count": 6,
                                                                    "is_parallel": true,
                                                                    "self": 0.0003436999977566302
                                                                }
                                                            }
                                                        }
                                                    }
                                                }
                                            }
                                        }
                                    }
                                }
                            }
                        },
                        "trainer_advance": {
                            "total": 6.439999560825527e-05,
                            "count": 3,
                            "self": 4.370001261122525e-05,
                            "children": {
                                "process_trajectory": {
                                    "total": 2.069998299703002e-05,
                                    "count": 3,
                                    "self": 2.069998299703002e-05
                                }
                            }
                        }
                    }
                },
                "TrainerController._save_models": {
                    "total": 0.09204489999683574,
                    "count": 1,
                    "self": 0.016831399989314377,
                    "children": {
                        "RLTrainer._checkpoint": {
                            "total": 0.07521350000752136,
                            "count": 1,