{
    "name": "root",
    "gauges": {
        "CreateCastle.Policy.Entropy.mean": {
            "value": 85.60164642333984,
            "min": 47.76742172241211,
            "max": 85.60164642333984,
            "count": 25
        },
        "CreateCastle.Policy.Entropy.sum": {
            "value": 856016.5,
            "min": 477865.28125,
            "max": 856016.5,
            "count": 25
        },
        "CreateCastle.Step.mean": {
            "value": 249967.0,
            "min": 9993.0,
            "max": 249967.0,
            "count": 25
        },
        "CreateCastle.Step.sum": {
            "value": 249967.0,
            "min": 9993.0,
            "max": 249967.0,
            "count": 25
        },
        "CreateCastle.Policy.ExtrinsicValueEstimate.mean": {
            "value": 0.2890084385871887,
            "min": 0.2890084385871887,
            "max": 2.8009767532348633,
            "count": 25
        },
        "CreateCastle.Policy.ExtrinsicValueEstimate.sum": {
            "value": 46.24135208129883,
            "min": 46.24135208129883,
            "max": 492.971923828125,
            "count": 25
        },
        "CreateCastle.Losses.PolicyLoss.mean": {
            "value": 0.24266540045720272,
            "min": 0.23393486134119704,
            "max": 0.24892892767536226,
            "count": 25
        },
        "CreateCastle.Losses.PolicyLoss.sum": {
            "value": 19.41323203657622,
            "min": 18.480854045954565,
            "max": 19.66538528635362,
            "count": 25
        },
        "CreateCastle.Losses.ValueLoss.mean": {
            "value": 0.026194171576359615,
            "min": 0.026194171576359615,
            "max": 2.0053518224019444,
            "count": 25
        },
        "CreateCastle.Losses.ValueLoss.sum": {
            "value": 2.095533726108769,
            "min": 2.095533726108769,
            "max": 158.42279396975363,
            "count": 25
        },
        "CreateCastle.Policy.LearningRate.mean": {
            "value": 0.0001529832490056,
            "min": 0.0001529832490056,
            "max": 0.0002969709655666405,
            "count": 25
        },
        "CreateCastle.Policy.LearningRate.sum": {
            "value": 0.012238659920448,
            "min": 0.012238659920448,
            "max": 0.023460706279764598,
            "count": 25
        },
        "CreateCastle.Policy.Epsilon.mean": {
            "value": 0.1509944,
            "min": 0.1509944,
            "max": 0.19899032151898735,
            "count": 25
        },
        "CreateCastle.Policy.Epsilon.sum": {
            "value": 12.079552,
            "min": 12.079552,
            "max": 15.720235400000002,
            "count": 25
        },
        "CreateCastle.Policy.Beta.mean": {
            "value": 0.0005000000000000001,
            "min": 0.0005000000000000001,
            "max": 0.0005000000000000001,
            "count": 25
        },
        "CreateCastle.Policy.Beta.sum": {
            "value": 0.04000000000000001,
            "min": 0.03900000000000001,
            "max": 0.04000000000000001,
            "count": 25
        },
        "CreateCastle.Environment.EpisodeLength.mean": {
            "value": 499.0,
            "min": 264.13157894736844,
            "max": 499.0,
            "count": 25
        },
        "CreateCastle.Environment.EpisodeLength.sum": {
            "value": 9980.0,
            "min": 9667.0,
            "max": 10370.0,
            "count": 25
        },
        "CreateCastle.Environment.CumulativeReward.mean": {
            "value": 0.8,
            "min": 0.8,
            "max": 9.058823529411764,
            "count": 25
        },
        "CreateCastle.Environment.CumulativeReward.sum": {
            "value": 16.0,
            "min": 16.0,
            "max": 308.0,
            "count": 25
        },
        "CreateCastle.Policy.ExtrinsicReward.mean": {
            "value": 0.8,
            "min": 0.8,
            "max": 9.058823529411764,
            "count": 25
        },
        "CreateCastle.Policy.ExtrinsicReward.sum": {
            "value": 16.0,
            "min": 16.0,
            "max": 308.0,
            "count": 25
        },
        "CreateCastle.IsTraining.mean": {
            "value": 1.0,
            "min": 1.0,
            "max": 1.0,
            "count": 25
        },
        "CreateCastle.IsTraining.sum": {
            "value": 1.0,
            "min": 1.0,
            "max": 1.0,
            "count": 25
        }
    },
    "metadata": {
        "timer_format_version": "0.1.0",
        "start_time_seconds": "1747499109",
        "python_version": "3.10.11 (tags/v3.10.11:7d4cc5a, Apr  5 2023, 00:38:17) [MSC v.1929 64 bit (AMD64)]",
        "command_line_arguments": "C:\\Users\\LukeM\\Documents\\UOG\\_Level 6\\Semester 2\\CT6007\\CT6007-OutputDesign\\venv\\Scripts\\mlagents-learn config/CreateCastleData.yaml --run-id=TestingParams3",
        "mlagents_version": "1.1.0",
        "mlagents_envs_version": "1.1.0",
        "communication_protocol_version": "1.5.0",
        "pytorch_version": "2.2.2+cu121",
        "numpy_version": "1.23.5",
        "end_time_seconds": "1747508047"
    },
    "total": 8937.821230900008,
    "count": 1,
    "self": 0.005438699969090521,
    "children": {
        "run_training.setup": {
            "total": 0.08424520003609359,
            "count": 1,
            "self": 0.08424520003609359
        },
        "TrainerController.start_learning": {
            "total": 8937.731547000003,
            "count": 1,
            "self": 4.8882278996752575,
            "children": {
                "TrainerController._reset_env": {
                    "total": 12.809406799962744,
                    "count": 1,
                    "self": 12.809406799962744
                },
                "TrainerController.advance": {
                    "total": 8919.642270200362,
                    "count": 257341,
                    "self": 4.428137282899115,
                    "children": {
                        "env_step": {
                            "total": 7557.371684010548,
                            "count": 257341,
                            "self": 5909.001409378892,
                            "children": {
                                "SubprocessEnvManager._take_step": {
                                    "total": 1644.9233482061536,
                                    "count": 257341,
                                    "self": 17.531204605533276,
                                    "children": {
                                        "TorchPolicy.evaluate": {
                                            "total": 1627.3921436006203,
                                            "count": 256466,
                                            "self": 1627.3921436006203
                                        }
                                    }
                                },
                                "workers": {
                                    "total": 3.44692642550217,
                                    "count": 257340,
                                    "self": 0.0,
                                    "children": {
                                        "worker_root": {
                                            "total": 8849.53549090249,
                                            "count": 257340,
                                            "is_parallel": true,
                                            "self": 3305.760633814789,
                                            "children": {
                                                "steps_from_proto": {
                                                    "total": 0.0004157000221312046,
                                                    "count": 1,
                                                    "is_parallel": true,
                                                    "self": 0.00026260007871314883,