{
    "name": "root",
    "metadata": {
        "timer_format_version": "0.1.0",
        "start_time_seconds": "1747406328",
        "python_version": "3.10.11 (tags/v3.10.11:7d4cc5a, Apr  5 2023, 00:38:17) [MSC v.1929 64 bit (AMD64)]",
        "command_line_arguments": "C:\\Users\\LukeM\\Documents\\UOG\\_Level 6\\Semester 2\\CT6007\\CT6007-OutputDesign\\venv\\Scripts\\mlagents-learn",
        "mlagents_version": "1.1.0",
        "mlagents_envs_version": "1.1.0",
        "communication_protocol_version": "1.5.0",
        "pytorch_version": "2.2.2+cu121",
        "numpy_version": "1.23.5",
        "end_time_seconds": "1747406480"
    },
    "total": 152.7203171000001,
    "count": 1,
    "self": 0.00650129999849014,
    "children": {
        "run_training.setup": {
            "total": 0.144026699999813,
            "count": 1,
            "self": 0.144026699999813
        },
        "TrainerController.start_learning": {
            "total": 152.5697891000018,
            "count": 1,
            "self": 0.06323980091838166,
            "children": {
                "TrainerController._reset_env": {
                    "total": 47.45310579999932,
                    "count": 1,
                    "self": 47.45310579999932
                },
                "TrainerController.advance": {
                    "total": 104.88397389909369,
                    "count": 3354,
                    "self": 0.05613759937114082,
                    "children": {
                        "env_step": {
                            "total": 104.54412479882012,
                            "count": 3354,
                            "self": 97.30028719772235,
                            "children": {
                                "SubprocessEnvManager._take_step": {
                                    "total": 7.201057101163315,
                                    "count": 3354,
                                    "self": 0.18017659930046648,
                                    "children": {
                                        "TorchPolicy.evaluate": {
                                            "total": 7.020880501862848,
                                            "count": 3354,
                                            "self": 7.020880501862848
                                        }
                                    }
                                },
                                "workers": {
                                    "total": 0.042780499934451655,
                                    "count": 3353,
                                    "self": 0.0,
                                    "children": {
                                        "worker_root": {
                                            "total": 43.157688900333596,
                                            "count": 3353,
                                            "is_parallel": true,
                                            "self": 12.050870101578766,
                                            "children": {
                                                "steps_from_proto": {
                                                    "total": 0.0003192999865859747,
                                                    "count": 1,
                                                    "is_parallel": true,
                                                    "self": 0.00016939998022280633,
                                                    "children": {
                                                        "_process_rank_one_or_two_observation": {
                                                            "total": 0.00014990000636316836,
                                                            "count": 2,
                                                            "is_parallel": true,
                                                            "self": 0.00014990000636316836
                                                        }
                                                    }
                                                },
                                                "UnityEnvironment.step": {
                                                    "total": 31.106499498768244,
                                                    "count": 3353,
                                                    "is_parallel": true,
                                                    "self": 0.2680184999771882,
                                                    "children": {
                                                        "UnityEnvironment._generate_step_input": {
                                                            "total": 0.28154369923868217,
                                                            "count": 3353,
                                                            "is_parallel": true,
                                                            "self": 0.28154369923868217
                                                        },
                                                        "communicator.exchange": {
                                                            "total": 29.718877699313452,
                                                            "count": 3353,
                                                            "is_parallel": true,
                                                            "self": 29.718877699313452
                                                        },
                                                        "steps_from_proto": {
                                                            "total": 0.8380596002389211,
                                                            "count": 3353,
                                                            "is_parallel": true,
                                                            "self": 0.4862981990445405,
                                                            "children": {
                                                                "_process_rank_one_or_two_observation": {
                                                                    "total": 0.3517614011943806,
                                                                    "count": 6706,
                                                                    "is_parallel": true,
                                                                    "self": 0.3517614011943806
                                                                }
                                                            }
                                                        }
                                                    }
                                                }
                                            }
                                        }
                                    }
                                }
                            }
                        },
                        "trainer_advance": {
                            "total": 0.28371150090242736,
                            "count": 3353,
                            "self": 0.08192030075588264,
                            "children": {
                                "process_trajectory": {
                                    "total": 0.20179120014654472,
                                    "count": 3353,
                                    "self": 0.20179120014654472
                                }
                            }
                        }
                    }
                },
                "TrainerController._save_models": {
                    "total": 0.169469599990407,
                    "count": 1,
                    "self": 0.017279099993174896,
                    "children": {
                        "RLTrainer._checkpoint": {
                            "total": 0.1521904999972321,
                            "count": 1,