{
    "name": "root",
    "metadata": {
        "timer_format_version": "0.1.0",
        "start_time_seconds": "1747417765",
        "python_version": "3.10.11 (tags/v3.10.11:7d4cc5a, Apr  5 2023, 00:38:17) [MSC v.1929 64 bit (AMD64)]",
        "command_line_arguments": "C:\\Users\\LukeM\\Documents\\UOG\\_Level 6\\Semester 2\\CT6007\\CT6007-OutputDesign\\venv\\Scripts\\mlagents-learn --run-id=test8",
        "mlagents_version": "1.1.0",
        "mlagents_envs_version": "1.1.0",
        "communication_protocol_version": "1.5.0",
        "pytorch_version": "2.2.2+cu121",
        "numpy_version": "1.23.5",
        "end_time_seconds": "1747417909"
    },
    "total": 143.9211207999906,
    "count": 1,
    "self": 0.006732000008923933,
    "children": {
        "run_training.setup": {
            "total": 0.0784875999961514,
            "count": 1,
            "self": 0.0784875999961514
        },
        "TrainerController.start_learning": {
            "total": 143.83590119998553,
            "count": 1,
            "self": 0.0044023997616022825,
            "children": {
                "TrainerController._reset_env": {
                    "total": 11.919351799995638,
                    "count": 1,
                    "self": 11.919351799995638
                },
                "TrainerController.advance": {
                    "total": 131.72353450022638,
                    "count": 254,
                    "self": 0.003760400344617665,
                    "children": {
                        "env_step": {
                            "total": 131.69628079980612,
                            "count": 254,
                            "self": 131.36308519958402,
                            "children": {
                                "SubprocessEnvManager._take_step": {
                                    "total": 0.33024720029789023,
                                    "count": 254,
                                    "self": 0.01195970003027469,
                                    "children": {
                                        "TorchPolicy.evaluate": {
                                            "total": 0.31828750026761554,
                                            "count": 254,
                                            "self": 0.31828750026761554
                                        }
                                    }
                                },
                                "workers": {
                                    "total": 0.0029483999242074788,
                                    "count": 253,
                                    "self": 0.0,
                                    "children": {
                                        "worker_root": {
                                            "total": 10.397046899975976,
                                            "count": 253,
                                            "is_parallel": true,
                                            "self": 2.1134250003669877,
                                            "children": {
                                                "steps_from_proto": {
                                                    "total": 0.00485520000802353,
                                                    "count": 1,
                                                    "is_parallel": true,
                                                    "self": 0.0010771000233944505,
                                                    "children": {
                                                        "_process_rank_one_or_two_observation": {
                                                            "total": 0.0037780999846290797,
                                                            "count": 2,
                                                            "is_parallel": true,
                                                            "self": 0.0037780999846290797
                                                        }
                                                    }
                                                },
                                                "UnityEnvironment.step": {
                                                    "total": 8.278766699600965,
                                                    "count": 253,
                                                    "is_parallel": true,
                                                    "self": 0.01890869947965257,
                                                    "children": {
                                                        "UnityEnvironment._generate_step_input": {
                                                            "total": 0.017264800088014454,
                                                            "count": 253,
                                                            "is_parallel": true,
                                                            "self": 0.017264800088014454
                                                        },
                                                        "communicator.exchange": {
                                                            "total": 8.184658199985279,
                                                            "count": 253,
                                                            "is_parallel": true,
                                                            "self": 8.184658199985279
                                                        },
                                                        "steps_from_proto": {
                                                            "total": 0.05793500004801899,
                                                            "count": 253,
                                                            "is_parallel": true,
                                                            "self": 0.03316270004143007,
                                                            "children": {
                                                                "_process_rank_one_or_two_observation": {
                                                                    "total": 0.02477230000658892,
                                                                    "count": 506,
                                                                    "is_parallel": true,
                                                                    "self": 0.02477230000658892
                                                                }
                                                            }
                                                        }
                                                    }
                                                }
                                            }
                                        }
                                    }
                                }
                            }
                        },
                        "trainer_advance": {
                            "total": 0.023493300075642765,
                            "count": 253,
                            "self": 0.005148400319740176,
                            "children": {
                                "process_trajectory": {
                                    "total": 0.01834489975590259,
                                    "count": 253,
                                    "self": 0.01834489975590259
                                }
                            }
                        }
                    }
                },
                "TrainerController._save_models": {
                    "total": 0.1886125000019092,
                    "count": 1,
                    "self": 0.015719200018793344,
                    "children": {
                        "RLTrainer._checkpoint": {
                            "total": 0.17289329998311587,
                            "count": 1,