{
    "name": "root",
    "gauges": {
        "CreateCastle.Policy.Entropy.mean": {
            "value": 56.99897384643555,
            "min": 51.570838928222656,
            "max": 78.22190856933594,
            "count": 7
        },
        "CreateCastle.Policy.Entropy.sum": {
            "value": 569989.75,
            "min": 515553.6875,
            "max": 783861.75,
            "count": 7
        },
        "CreateCastle.Step.mean": {
            "value": 69951.0,
            "min": 9957.0,
            "max": 69951.0,
            "count": 7
        },
        "CreateCastle.Step.sum": {
            "value": 69951.0,
            "min": 9957.0,
            "max": 69951.0,
            "count": 7
        },
        "CreateCastle.Policy.ExtrinsicValueEstimate.mean": {
            "value": 2.144300378859043e-05,
            "min": 2.144300378859043e-05,
            "max": 2.767186403274536,
            "count": 7
        },
        "CreateCastle.Policy.ExtrinsicValueEstimate.sum": {
            "value": 0.003430880606174469,
            "min": 0.003430880606174469,
            "max": 489.7919921875,
            "count": 7
        },
        "CreateCastle.Losses.PolicyLoss.mean": {
            "value": 0.24375437916686393,
            "min": 0.23218741631536952,
            "max": 0.2526353785311569,
            "count": 7
        },
        "CreateCastle.Losses.PolicyLoss.sum": {
            "value": 19.500350333349115,
            "min": 18.110618472598823,
            "max": 19.958194903961395,
            "count": 7
        },
        "CreateCastle.Losses.ValueLoss.mean": {
            "value": 1.467369641782848e-10,
            "min": 1.467369641782848e-10,
            "max": 1.6706249510666886,
            "count": 7
        },
        "CreateCastle.Losses.ValueLoss.sum": {
            "value": 1.1738957134262783e-08,
            "min": 1.1738957134262783e-08,
            "max": 131.9793711342684,
            "count": 7
        },
        "CreateCastle.Policy.LearningRate.mean": {
            "value": 0.0002610258129914,
            "min": 0.0002610258129914,
            "max": 0.0002969739779317513,
            "count": 7
        },
        "CreateCastle.Policy.LearningRate.sum": {
            "value": 0.020882065039312,
            "min": 0.020882065039312,
            "max": 0.023163970278676598,
            "count": 7
        },
        "CreateCastle.Policy.Epsilon.mean": {
            "value": 0.18700860000000002,
            "min": 0.18700860000000002,
            "max": 0.19899132564102565,
            "count": 7
        },
        "CreateCastle.Policy.Epsilon.sum": {
            "value": 14.960688000000001,
            "min": 14.898245,
            "max": 15.5213234,
            "count": 7
        },
        "CreateCastle.Policy.Beta.mean": {
            "value": 0.0005000000000000001,
            "min": 0.0005000000000000001,
            "max": 0.0005000000000000001,
            "count": 7
        },
        "CreateCastle.Policy.Beta.sum": {
            "value": 0.04000000000000001,
            "min": 0.03900000000000001,
            "max": 0.04000000000000001,
            "count": 7
        },
        "CreateCastle.Environment.EpisodeLength.mean": {
            "value": 499.0,
            "min": 266.22222222222223,
            "max": 499.0,
            "count": 7
        },
        "CreateCastle.Environment.EpisodeLength.sum": {
            "value": 9980.0,
            "min": 9584.0,
            "max": 10266.0,
            "count": 7
        },
        "CreateCastle.Environment.CumulativeReward.mean": {
            "value": 0.0,
            "min": 0.0,
            "max": 8.055555555555555,
            "count": 7
        },
        "CreateCastle.Environment.CumulativeReward.sum": {
            "value": 0.0,
            "min": 0.0,
            "max": 290.0,
            "count": 7
        },
        "CreateCastle.Policy.ExtrinsicReward.mean": {
            "value": 0.0,
            "min": 0.0,
            "max": 8.055555555555555,
            "count": 7
        },
        "CreateCastle.Policy.ExtrinsicReward.sum": {
            "value": 0.0,
            "min": 0.0,
            "max": 290.0,
            "count": 7
        },
        "CreateCastle.IsTraining.mean": {
            "value": 1.0,
            "min": 1.0,
            "max": 1.0,
            "count": 7
        },
        "CreateCastle.IsTraining.sum": {
            "value": 1.0,
            "min": 1.0,
            "max": 1.0,
            "count": 7
        }
    },
    "metadata": {
        "timer_format_version": "0.1.0",
        "start_time_seconds": "1747496493",
        "python_version": "3.10.11 (tags/v3.10.11:7d4cc5a, Apr  5 2023, 00:38:17) [MSC v.1929 64 bit (AMD64)]",
        "command_line_arguments": "C:\\Users\\LukeM\\Documents\\UOG\\_Level 6\\Semester 2\\CT6007\\CT6007-OutputDesign\\venv\\Scripts\\mlagents-learn config/CreateCastleData.yaml --run-id=TestingParams2",
        "mlagents_version": "1.1.0",
        "mlagents_envs_version": "1.1.0",
        "communication_protocol_version": "1.5.0",
        "pytorch_version": "2.2.2+cu121",
        "numpy_version": "1.23.5",
        "end_time_seconds": "1747498791"
    },
    "total": 2298.339802200033,
    "count": 1,
    "self": 0.005993700004182756,
    "children": {
        "run_training.setup": {
            "total": 0.08284950000233948,
            "count": 1,
            "self": 0.08284950000233948
        },
        "TrainerController.start_learning": {
            "total": 2298.2509590000263,
            "count": 1,
            "self": 1.302964097703807,
            "children": {
                "TrainerController._reset_env": {
                    "total": 9.970373000018299,
                    "count": 1,
                    "self": 9.970373000018299
                },
                "TrainerController.advance": {
                    "total": 2286.569550802291,
                    "count": 71003,
                    "self": 1.181250984664075,
                    "children": {
                        "env_step": {
                            "total": 1922.1558562032296,
                            "count": 71003,
                            "self": 1474.632889591856,
                            "children": {
                                "SubprocessEnvManager._take_step": {
                                    "total": 446.60677280137315,
                                    "count": 71003,
                                    "self": 4.8410064073395915,
                                    "children": {
                                        "TorchPolicy.evaluate": {
                                            "total": 441.76576639403356,
                                            "count": 70782,
                                            "self": 441.76576639403356
                                        }
                                    }
                                },
                                "workers": {
                                    "total": 0.91619381000055,
                                    "count": 71002,
                                    "self": 0.0,
                                    "children": {
                                        "worker_root": {
                                            "total": 2222.78431558545,
                                            "count": 71002,
                                            "is_parallel": true,
                                            "self": 893.8658248829306,
                                            "children": {
                                                "steps_from_proto": {
                                                    "total": 0.0004197999951429665,
                                                    "count": 1,
                                                    "is_parallel": true,
                                                    "self": 0.0002519000554457307,